<?xml version="1.0" encoding="UTF-8"?>
<!DOCTYPE log4j:configuration SYSTEM "log4j.dtd">
<log4j:configuration xmlns:log4j="http://jakarta.apache.org/log4j/">
    <appender name="console" class="org.apache.log4j.ConsoleAppender">
        <param name="encoding" value="UTF-8"/>
        <param name="target" value="System.out"/>
        <layout class="io.hmheng.grading.utils.JSONEventLayoutUtil">
        </layout>
    </appender>
    <logger name="io.netty">
        <level value="ERROR"/>
    </logger>
    <logger name="org.apache.hadoop">
        <level value="ERROR"/>
    </logger>
    <logger name="org.apache.spark">
        <level value="ERROR"/>
    </logger>
    <logger name="org.apache.spark.repl.SparkILoop$SparkILoopInterpreter">
        <level value="INFO"/>
    </logger>
    <logger name="org.apache.spark.repl.SparkIMain$exprTyper">
        <level value="INFO"/>
    </logger>
    <logger name="org.spark-project">
        <level value="ERROR"/>
    </logger>
    <logger name="org.springframework">
        <level value="ERROR"/>
    </logger>
    <logger name="com.amazonaws.services.kinesis">
        <level value="ERROR" />
    </logger>
    <root>
        <level value="INFO"/>
        <appender-ref ref="console"/>
    </root>
</log4j:configuration>