<?xml version="1.0" encoding="UTF-8"?>
<project xmlns="http://maven.apache.org/POM/4.0.0" xmlns:xsi="http://www.w3.org/2001/XMLSchema-instance" xsi:schemaLocation="http://maven.apache.org/POM/4.0.0 http://maven.apache.org/maven-v4_0_0.xsd">
  <parent>
    <artifactId>reporting-aggregator</artifactId>
    <groupId>io.hmheng.reporting</groupId>
    <version>0.9.20-SNAPSHOT</version>
  </parent>
  <modelVersion>4.0.0</modelVersion>
  <artifactId>reporting-aggregator-services</artifactId>
  <dependencies>
    <dependency>
      <groupId>io.hmheng.reporting</groupId>
      <artifactId>reporting-aggregator-common</artifactId>
      <version>0.9.20-SNAPSHOT</version>
      <scope>provided</scope>
    </dependency>
    <dependency>
      <groupId>org.apache.camel</groupId>
      <artifactId>camel-core</artifactId>
      <version>2.18.0</version>
      <scope>provided</scope>
    </dependency>
    <dependency>
      <groupId>org.apache.camel</groupId>
      <artifactId>camel-jackson</artifactId>
      <version>2.18.0</version>
      <scope>provided</scope>
    </dependency>
    <dependency>
      <groupId>org.apache.camel</groupId>
      <artifactId>camel-jacksonxml</artifactId>
      <version>2.18.0</version>
      <scope>provided</scope>
    </dependency>
    <dependency>
      <groupId>org.apache.camel</groupId>
      <artifactId>camel-http4</artifactId>
      <version>2.18.0</version>
      <scope>provided</scope>
    </dependency>
    <dependency>
      <groupId>org.apache.camel</groupId>
      <artifactId>camel-spring</artifactId>
      <version>2.18.0</version>
      <scope>provided</scope>
    </dependency>
    <dependency>
      <groupId>org.apache.camel</groupId>
      <artifactId>camel-aws</artifactId>
      <version>2.18.0</version>
      <scope>provided</scope>
      <exclusions>
        <exclusion>
          <artifactId>aws-java-sdk-support</artifactId>
          <groupId>com.amazonaws</groupId>
        </exclusion>
        <exclusion>
          <artifactId>aws-java-sdk-simpledb</artifactId>
          <groupId>com.amazonaws</groupId>
        </exclusion>
        <exclusion>
          <artifactId>aws-java-sdk-simpleworkflow</artifactId>
          <groupId>com.amazonaws</groupId>
        </exclusion>
        <exclusion>
          <artifactId>aws-java-sdk-storagegateway</artifactId>
          <groupId>com.amazonaws</groupId>
        </exclusion>
        <exclusion>
          <artifactId>aws-java-sdk-route53</artifactId>
          <groupId>com.amazonaws</groupId>
        </exclusion>
        <exclusion>
          <artifactId>aws-java-sdk-s3</artifactId>
          <groupId>com.amazonaws</groupId>
        </exclusion>
        <exclusion>
          <artifactId>aws-java-sdk-importexport</artifactId>
          <groupId>com.amazonaws</groupId>
        </exclusion>
        <exclusion>
          <artifactId>aws-java-sdk-rds</artifactId>
          <groupId>com.amazonaws</groupId>
        </exclusion>
        <exclusion>
          <artifactId>aws-java-sdk-redshift</artifactId>
          <groupId>com.amazonaws</groupId>
        </exclusion>
        <exclusion>
          <artifactId>aws-java-sdk-elasticbeanstalk</artifactId>
          <groupId>com.amazonaws</groupId>
        </exclusion>
        <exclusion>
          <artifactId>aws-java-sdk-glacier</artifactId>
          <groupId>com.amazonaws</groupId>
        </exclusion>
        <exclusion>
          <artifactId>aws-java-sdk-iam</artifactId>
          <groupId>com.amazonaws</groupId>
        </exclusion>
        <exclusion>
          <artifactId>aws-java-sdk-datapipeline</artifactId>
          <groupId>com.amazonaws</groupId>
        </exclusion>
        <exclusion>
          <artifactId>aws-java-sdk-elasticloadbalancing</artifactId>
          <groupId>com.amazonaws</groupId>
        </exclusion>
        <exclusion>
          <artifactId>aws-java-sdk-emr</artifactId>
          <groupId>com.amazonaws</groupId>
        </exclusion>
        <exclusion>
          <artifactId>aws-java-sdk-elasticache</artifactId>
          <groupId>com.amazonaws</groupId>
        </exclusion>
        <exclusion>
          <artifactId>aws-java-sdk-elastictranscoder</artifactId>
          <groupId>com.amazonaws</groupId>
        </exclusion>
        <exclusion>
          <artifactId>aws-java-sdk-ec2</artifactId>
          <groupId>com.amazonaws</groupId>
        </exclusion>
        <exclusion>
          <artifactId>aws-java-sdk-dynamodb</artifactId>
          <groupId>com.amazonaws</groupId>
        </exclusion>
        <exclusion>
          <artifactId>aws-java-sdk-cloudtrail</artifactId>
          <groupId>com.amazonaws</groupId>
        </exclusion>
        <exclusion>
          <artifactId>aws-java-sdk-cloudwatch</artifactId>
          <groupId>com.amazonaws</groupId>
        </exclusion>
        <exclusion>
          <artifactId>aws-java-sdk-logs</artifactId>
          <groupId>com.amazonaws</groupId>
        </exclusion>
        <exclusion>
          <artifactId>aws-java-sdk-cognitoidentity</artifactId>
          <groupId>com.amazonaws</groupId>
        </exclusion>
        <exclusion>
          <artifactId>aws-java-sdk-cognitosync</artifactId>
          <groupId>com.amazonaws</groupId>
        </exclusion>
        <exclusion>
          <artifactId>aws-java-sdk-directconnect</artifactId>
          <groupId>com.amazonaws</groupId>
        </exclusion>
        <exclusion>
          <artifactId>aws-java-sdk-cloudformation</artifactId>
          <groupId>com.amazonaws</groupId>
        </exclusion>
        <exclusion>
          <artifactId>aws-java-sdk-cloudfront</artifactId>
          <groupId>com.amazonaws</groupId>
        </exclusion>
        <exclusion>
          <artifactId>aws-java-sdk-opsworks</artifactId>
          <groupId>com.amazonaws</groupId>
        </exclusion>
        <exclusion>
          <artifactId>aws-java-sdk-ses</artifactId>
          <groupId>com.amazonaws</groupId>
        </exclusion>
        <exclusion>
          <artifactId>aws-java-sdk-autoscaling</artifactId>
          <groupId>com.amazonaws</groupId>
        </exclusion>
        <exclusion>
          <artifactId>aws-java-sdk-cloudsearch</artifactId>
          <groupId>com.amazonaws</groupId>
        </exclusion>
        <exclusion>
          <artifactId>aws-java-sdk-cloudwatchmetrics</artifactId>
          <groupId>com.amazonaws</groupId>
        </exclusion>
        <exclusion>
          <artifactId>aws-java-sdk-swf-libraries</artifactId>
          <groupId>com.amazonaws</groupId>
        </exclusion>
        <exclusion>
          <artifactId>aws-java-sdk-codedeploy</artifactId>
          <groupId>com.amazonaws</groupId>
        </exclusion>
        <exclusion>
          <artifactId>aws-java-sdk-codepipeline</artifactId>
          <groupId>com.amazonaws</groupId>
        </exclusion>
        <exclusion>
          <artifactId>aws-java-sdk-kms</artifactId>
          <groupId>com.amazonaws</groupId>
        </exclusion>
        <exclusion>
          <artifactId>aws-java-sdk-config</artifactId>
          <groupId>com.amazonaws</groupId>
        </exclusion>
        <exclusion>
          <artifactId>aws-java-sdk-lambda</artifactId>
          <groupId>com.amazonaws</groupId>
        </exclusion>
        <exclusion>
          <artifactId>aws-java-sdk-ecs</artifactId>
          <groupId>com.amazonaws</groupId>
        </exclusion>
        <exclusion>
          <artifactId>aws-java-sdk-cloudhsm</artifactId>
          <groupId>com.amazonaws</groupId>
        </exclusion>
        <exclusion>
          <artifactId>aws-java-sdk-ssm</artifactId>
          <groupId>com.amazonaws</groupId>
        </exclusion>
        <exclusion>
          <artifactId>aws-java-sdk-workspaces</artifactId>
          <groupId>com.amazonaws</groupId>
        </exclusion>
        <exclusion>
          <artifactId>aws-java-sdk-machinelearning</artifactId>
          <groupId>com.amazonaws</groupId>
        </exclusion>
        <exclusion>
          <artifactId>aws-java-sdk-directory</artifactId>
          <groupId>com.amazonaws</groupId>
        </exclusion>
        <exclusion>
          <artifactId>aws-java-sdk-efs</artifactId>
          <groupId>com.amazonaws</groupId>
        </exclusion>
        <exclusion>
          <artifactId>aws-java-sdk-codecommit</artifactId>
          <groupId>com.amazonaws</groupId>
        </exclusion>
        <exclusion>
          <artifactId>aws-java-sdk-devicefarm</artifactId>
          <groupId>com.amazonaws</groupId>
        </exclusion>
      </exclusions>
    </dependency>
    <dependency>
      <groupId>junit</groupId>
      <artifactId>junit</artifactId>
      <version>4.12</version>
      <scope>test</scope>
    </dependency>
    <dependency>
      <groupId>com.opencsv</groupId>
      <artifactId>opencsv</artifactId>
      <version>3.8</version>
      <scope>provided</scope>
    </dependency>
    <dependency>
      <groupId>io.hmheng.reporting</groupId>
      <artifactId>reporting-aggregator-test-common</artifactId>
      <version>0.9.20-SNAPSHOT</version>
      <scope>test</scope>
    </dependency>
    <dependency>
      <groupId>ch.qos.logback</groupId>
      <artifactId>logback-core</artifactId>
      <version>1.1.8</version>
      <scope>provided</scope>
    </dependency>
  </dependencies>
</project>

