<?xml version="1.0" encoding="UTF-8"?>
<project xmlns="http://maven.apache.org/POM/4.0.0" xmlns:xsi="http://www.w3.org/2001/XMLSchema-instance" xsi:schemaLocation="http://maven.apache.org/POM/4.0.0 http://maven.apache.org/maven-v4_0_0.xsd">
  <parent>
    <artifactId>reporting-aggregator</artifactId>
    <groupId>io.hmheng.reporting</groupId>
    <version>0.9.20-SNAPSHOT</version>
  </parent>
  <modelVersion>4.0.0</modelVersion>
  <artifactId>reporting-aggregator-polling-services</artifactId>
  <dependencies>
    <dependency>
      <groupId>io.hmheng.reporting</groupId>
      <artifactId>reporting-aggregator-common</artifactId>
      <version>0.9.20-SNAPSHOT</version>
      <scope>provided</scope>
    </dependency>
    <dependency>
      <groupId>io.hmheng.reporting</groupId>
      <artifactId>reporting-aggregator-awslambda-common</artifactId>
      <version>0.9.20-SNAPSHOT</version>
      <scope>provided</scope>
    </dependency>
    <dependency>
      <groupId>io.hmheng.reporting</groupId>
      <artifactId>reporting-aggregator-test-common</artifactId>
      <version>0.9.20-SNAPSHOT</version>
      <scope>test</scope>
    </dependency>
    <dependency>
      <groupId>ch.qos.logback</groupId>
      <artifactId>logback-core</artifactId>
      <version>1.1.8</version>
      <scope>provided</scope>
    </dependency>
  </dependencies>
</project>

