<?xml version="1.0" encoding="UTF-8"?>
<configuration>

	<appender name="STDOUT" class="ch.qos.logback.core.ConsoleAppender">
		<target>System.out</target>	
        <!-- By default, encoders are assigned the type ch.qos.logback.classic.encoder.PatternLayoutEncoder -->
        <layout>
			<Pattern>%date{"yyyy-MM-dd HH:mm:ss,SSSS"} [%thread CorrelationId: %X{CorrelationId}] %-5level %logger - %msg%n</Pattern>
        </layout>		
	</appender>
	
    <!-- Root Logger -->
	<root level="info">
		<appender-ref ref="STDOUT" />
	</root>
      
    
</configuration>
	