<?xml version="1.0" encoding="UTF-8"?>
<configuration>

    <include resource="logback-config/logback-appenders.xml"/>
    <include resource="org/springframework/boot/logging/logback/defaults.xml" />
    <include resource="org/springframework/boot/logging/logback/console-appender.xml" />

    <!-- common to all environments -->
    <appender name="LOGSTASH_CONSOLE" class="ch.qos.logback.core.ConsoleAppender">
        <encoder class="net.logstash.logback.encoder.LogstashEncoder">
            <includeContext>true</includeContext>
            <includeMdc>true</includeMdc>
        </encoder>
    </appender>

    <springProfile name="local">
        <logger name="io.hmheng.streaming" level="trace" />
        <logger name="org.apache.spark" level="warn" />
        <root level="info">
            <appender-ref ref="CONSOLE" />
        </root>
    </springProfile>

    <springProfile name="dev,int,cert">
        <logger name="io.hmheng.streaming" level="debug" />
        <logger name="org.apache.spark" level="debug" />
    </springProfile>

    <springProfile name="prod">
        <logger name="io.hmheng.streaming" level="info" />
        <logger name="org.apache.spark" level="error" />
    </springProfile>

    <springProfile name="!local">
        <root level="info">
            <appender-ref ref="LOGSTASH_CONSOLE" />
        </root>
    </springProfile>

</configuration>